﻿<?xml version="1.0" encoding="UTF-8"?>
<MoleculeViewer>
	
	<GlobalSettings>
		<mouseHide>true</mouseHide>
	</GlobalSettings>


	<Content>	
		<Source id="1">
			<objectSource>caffiene.cml</objectSource>
			<btnSource>caffiene.png</btnSource>
			<molScale>1</molScale>
			<molYaw>0</molYaw>
			<molPitch>0</molPitch>
			<molRoll>0</molRoll>
		
			<name>Caffeine</name>
			<formula>C.8,H.10,N.4,O.2</formula>
			<description>Caffeine is found in many plant species, where it acts as a natural pesticide, with high caffeine levels being observed in seedlings that are still developing foliage, but are lacking mechanical protection; Caffeine paralyzes and kills certain insects feeding upon the plant. High caffeine levels have also been found in the surrounding soil of coffee bean seedlings. 
In humans, caffeine acts as a central nervous system (CNS) stimulant, temporarily warding off drowsiness and restoring alertness. It is most commonly consumed by humans in infusions extracted from the bean of the coffee plant and the leaves of the tea bush, as well as from various foods and drinks containing products derived from the kola nut.
</description>
			<appearence>Odorless, white powder</appearence>
			<molarMass>194.19</molarMass>
			<exactMass>194.080376</exactMass>
			<density>0.111</density>
			<acidity>-0.13 to 1.22</acidity>
			<boilingPoint>178</boilingPoint>
			<meltingPoint>227 to 228</meltingPoint>
		</Source>
		
		<Source id="2">
			<objectSource>taurine.cml</objectSource>
			<btnSource>taurine.png</btnSource>
			<molScale>1</molScale>
			<molYaw>0</molYaw>
			<molPitch>0</molPitch>
			<molRoll>0</molRoll>
			
			<name>Taurine</name>
			<formula>C.2,H.7,N.1,S.1</formula>
			<description>Taurine is named after the Latin Taurus (a cognate of the Greek ταύρος) which means bull or ox, as it was first isolated from ox bile in 1827 by German scientists Friedrich Tiedemann and Leopold Gmelin. In the strict sense, it is not an amino acid, as it lacks a carboxyl group, but it is often called one, even in scientific literature.
In the cell, taurine keeps potassium and magnesium inside the cell while keeping excessive sodium out. In this sense, it works like a diuretic. Because it aids the movement of potassium, sodium, and calcium in and out of the cell, taurine has been used as a supplementation for epileptics as well as for people who have uncontrollable facial twitches.</description>
			<appearence>White Crystaline, Odorless powder.</appearence>
			<molarMass>125.15</molarMass>
			<exactMass>125.0112</exactMass>
			<density>1.734</density>
			<acidity>9.06</acidity>
			<boilingPoint>Decomposes</boilingPoint>
			<meltingPoint>305.11</meltingPoint>
		</Source>

		<Source id="3">
			<objectSource>b6.cml</objectSource>
			<btnSource>b6.png</btnSource>
			<molScale>1</molScale>
			<molYaw>0</molYaw>
			<molPitch>0</molPitch>
			<molRoll>0</molRoll>
			
			<name>Vitamin B6</name>
			<formula>C.8,H.11,N.1,O.3</formula>
			<description>Vitamin B6 is a water-soluble compound that was discovered in the 1930s during nutrition studies on rats. In 1934, a Hungarian physician, Paul György discovered a substance that was able to cure a skin disease in rats, this substance he named vitamin B6.
In 1938, Lepkovsky isolated vitamin B6 from rice bran. Harris and Folkers in 1939 determined the structure of pyridoxine, and, in 1945, Snell was able to show that there are two forms of vitamin B6, pyridoxal and pyridoxamine. Vitamin B6 was named pyridoxine to indicate its structural homology to pyridine.</description>
			<appearence>White Fine Powder</appearence>
			<molarMass>169.18 </molarMass>
			<exactMass>168.0121</exactMass>
			<density>Solution</density>
			<acidity>Mol Complex</acidity>
			<boilingPoint>Solution</boilingPoint>
			<meltingPoint>159 to 162</meltingPoint>
		</Source>

		<Source id="4">
			<objectSource>aspartame.cml</objectSource>
			<btnSource>b12.png</btnSource>
			<molScale>1</molScale>
			<molYaw>0</molYaw>
			<molPitch>0</molPitch>
			<molRoll>0</molRoll>

			<name>Aspartame</name>
			<formula>C.14,H.18,N.2,O.5</formula>
			<description>Aspartame is an artificial sweetener and is approximately 200 times sweeter than sucrose, or table sugar. Due to this property, though aspartame upon metabolism produces 4 kilocalories of energy per gram, the quantity of aspartame needed to produce a sweet taste is so small that its caloric contribution is negligible.
The taste of aspartame and other artificial sweeteners differ from that of table sugar in the times of onset and how long the sweetness lasts, though aspartame comes closest amongst artificial sweeteners to sugar's taste profile.</description>
			<appearence>White Granular or Powder</appearence>
			<molarMass>294.3</molarMass>
			<exactMass>293.56</exactMass>
			<density>1.347</density>
			<acidity>4.5 to 6.0</acidity>
			<boilingPoint>Decomposes</boilingPoint>
			<meltingPoint>246</meltingPoint>
		</Source>

		<Source id="5">
			<objectSource>glucuronolactone.cml</objectSource>
			<btnSource>gluco.png</btnSource>
			<molScale>1</molScale>
			<molYaw>0</molYaw>
			<molPitch>0</molPitch>
			<molRoll>0</molRoll>

			<name>Glucuronolactone</name>
			<formula>C.6,H.8,O.6</formula>
			<description>Glucuronolactone is a popular ingredient in energy drinks with claims that it detoxifies the body. Although levels of glucuronolactone in energy drinks can far exceed those found in the rest of the diet, the European Food Safety Authority (EFSA) has concluded that exposure to glucuronolactone from regular consumption of energy drinks is not a safety concern. A fatality was reported after intake of 1420 ml of an energy drink.
It has received some notoriety due to urban legends that it was a Vietnam War-era drug manufactured by the American government. The rumor has since been proven false, as neither the cited British Medical Journal article nor the "banning of its consumption" ever occurred.</description>
			<molarMass>176.124</molarMass>
			<exactMass>175.68</exactMass>
			<appearence>Glucuronolactone is a white odorless compound.</appearence>
			<density>0.68</density>
			<acidity>4.2 to 5.0</acidity>
			<boilingPoint>Decomposes</boilingPoint>
			<meltingPoint>172</meltingPoint>
		</Source>
	</Content>


	<UILayout>
		<appWidth>1280</appWidth>
		<appHeight>1024</appHeight>
		<buffer>10</buffer><!-- allows for discrepency in render errors should be no more than 10px-->
		<renderErrorX>0</renderErrorX><!--29-->
		<renderErrorY>0</renderErrorY><!--35-->
		<marginx>10</marginx>
		<marginy>10</marginy>
		
		<windowHeader>50</windowHeader>
		<windowPadding>10</windowPadding>
		<windowCornerRadius>20</windowCornerRadius>
		
		<menuPadding>10</menuPadding>
		<menuMarginx>10</menuMarginx>
		<menuMarginy>10</menuMarginy>
		<menuLogoScale>1</menuLogoScale>
		<menuLogoSwitchTime>1</menuLogoSwitchTime>
		
		<btnRad>20</btnRad>
		<btnHeight>75</btnHeight>
		<btntxtSize>100</btntxtSize>
		<btntxtColor>0xFF0000</btntxtColor>
		<btnIconScale>1</btnIconScale>
		
		<metaDescWidth>400</metaDescWidth>
		<metaDescHeight>300</metaDescHeight>
		<metaLableTxtSize>19</metaLableTxtSize>
		<metaLableBoxHeight>35</metaLableBoxHeight>
		<metaLableBoxWidth>200</metaLableBoxWidth>
		<metaContentTxtSize>16</metaContentTxtSize>
		<metaTxtColor>0xFFFFFF</metaTxtColor>
		<metaXslide>230</metaXslide>
		<metaYslide>80</metaYslide>
		
		<dataPadding>10</dataPadding>
	</UILayout>

	<UIStyle>
		<frameDraw>true</frameDraw>
		<padding>80</padding>
		<cornerRadius>20</cornerRadius>
		<fillColor1>0x888888</fillColor1>
		<fillAlpha>0.55</fillAlpha>
		<outlineColor>0xFFFFFF</outlineColor>
		<outlineStroke>2</outlineStroke>
		<outlineAlpha>0.8</outlineAlpha>
	</UIStyle>
	
	<View3DGestures>
		<drag>true</drag>
		<doubleTap>true</doubleTap>
		<rotate>false</rotate>
		<scale>true</scale>
		<tilt>true</tilt>
	</View3DGestures>

	<MenuGestures>
		<tap>true</tap>
		<doubleTap>false</doubleTap>
	</MenuGestures>

</MoleculeViewer>